{
  "MyShelfData": [
    {
      "length": 802,
      "orientation": "horizontal",
      "midPoint": {
        "x": 33.5,
        "y": -342.5
      },
      "depth": "150",
      "thickness": "18",
      "material": "3"
    },
    {
      "length": 605,
      "orientation": "vertical",
      "midPoint": {
        "x": 434.5,
        "y": -40
      },
      "depth": "150",
      "thickness": "18",
      "material": "3"
    },
    {
      "length": 802,
      "orientation": "horizontal",
      "midPoint": {
        "x": 33.5,
        "y": 262.5
      },
      "depth": "150",
      "thickness": "18",
      "material": "3"
    },
    {
      "length": 605,
      "orientation": "vertical",
      "midPoint": {
        "x": -367.5,
        "y": -40
      },
      "depth": "150",
      "thickness": "18",
      "material": "3"
    },
    {
      "length": 343,
      "orientation": "vertical",
      "midPoint": {
        "x": -633.5,
        "y": -25
      },
      "depth": "150",
      "thickness": "18",
      "material": "3"
    },
    {
      "length": 446,
      "orientation": "horizontal",
      "midPoint": {
        "x": -410.5,
        "y": -196.5
      },
      "depth": "150",
      "thickness": "18",
      "material": "3"
    },
    {
      "length": 343,
      "orientation": "vertical",
      "midPoint": {
        "x": -187.5,
        "y": -25
      },
      "depth": "150",
      "thickness": "18",
      "material": "3"
    },
    {
      "length": 446,
      "orientation": "horizontal",
      "midPoint": {
        "x": -410.5,
        "y": 146.5
      },
      "depth": "150",
      "thickness": "18",
      "material": "3"
    },
    {
      "length": 343,
      "orientation": "horizontal",
      "midPoint": {
        "x": 368,
        "y": 114.5
      },
      "depth": "150",
      "thickness": "18",
      "material": "3"
    },
    {
      "length": 301,
      "orientation": "vertical",
      "midPoint": {
        "x": 539.5,
        "y": 265
      },
      "depth": "150",
      "thickness": "18",
      "material": "3"
    },
    {
      "length": 343,
      "orientation": "horizontal",
      "midPoint": {
        "x": 368,
        "y": 415.5
      },
      "depth": "150",
      "thickness": "18",
      "material": "3"
    },
    {
      "length": 301,
      "orientation": "vertical",
      "midPoint": {
        "x": 196.5,
        "y": 265
      },
      "depth": "150",
      "thickness": "18",
      "material": "3"
    }
  ]
}